Feature,Benign_nonmissing_n,Benign_mean,Pathogenic_nonmissing_n,Pathogenic_mean,Pathogenic_minus_Benign_mean,Assessment
gnomAD_AF,1211807,0.04532971044837973,286109,3.332920070736429e-05,-0.045296381247672365,TARGET-CONDITIONED SYNTHETIC
gnomAD_AF_popmax,1211807,0.08545241221038086,286109,7.499600865990725e-05,-0.08537741620172094,DERIVED FROM TARGET-CONDITIONED SYNTHETIC FEATURE
CADD_phred,1308716,11.367197587296694,309192,28.496473741749202,17.12927615445251,TARGET-CONDITIONED SYNTHETIC
SIFT_score,1304573,0.8001254945022962,176478,0.09117010147717129,-0.7089553930251249,TARGET-CONDITIONED SYNTHETIC
PolyPhen2_score,1304573,0.19984332457100404,176478,0.9095036569507775,0.7096603323797734,TARGET-CONDITIONED SYNTHETIC
phastCons_100way,1266649,0.41863533658246305,299054,0.8330253657963119,0.4143900292138489,TARGET-CONDITIONED SYNTHETIC
gc_content,1377069,0.44005160420056566,325257,0.44034812463110384,0.000296520430538183,SYNTHETIC; NOT AN EXTERNAL ANNOTATION
cpg_count,1377069,2.638080590006746,325257,2.641628004931485,0.0035474149247387565,SYNTHETIC; NOT AN EXTERNAL ANNOTATION
homopolymer_max_len,1377069,3.4961399900803807,325257,3.497563465198289,0.0014234751179085237,SYNTHETIC; NOT AN EXTERNAL ANNOTATION
